Workbook

Sheet Tasks
A1: Multi-Initiative Resource Allocation & Prioritization Tracker
A2: Task-level log across three concurrent initiatives sharing a common Budget / Staff-Hour / Vendor-Slot pool for the quarter
A4: Task ID | B4: Initiative | C4: Task Name | D4: Owner | E4: Start Date | F4: Deadline | G4: Impact (1-5) | H4: Urgency (1-5) | I4: Priority Score | J4: Priority Rank | K4: Status | L4: Budget Required (Rs.) | M4: Staff Hours Required | N4: Vendor Slots Required
A5: 1 | B5: Product Launch - SolarX | C5: Finalize product packaging design | D5: Rahul | E5: 46266 | F5: 46285 | G5: 5 | H5: 5 | I5: =G5*H5 -> 25 | J5: =RANK(I5,$I$5:$I$28,0)+COUNTIF($I$5:I5,I5)-1 -> 1 | K5: In Progress | L5: 40000 | M5: 30 | N5: 2
A6: 2 | B6: Product Launch - SolarX | C6: Vendor selection for print material | D6: Rahul | E6: 46270 | F6: 46290 | G6: 4 | H6: 4 | I6: =G6*H6 -> 16 | J6: =RANK(I6,$I$5:$I$28,0)+COUNTIF($I$5:I6,I6)-1 -> 9 | K6: Planned | L6: 25000 | M6: 15 | N6: 3
A7: 3 | B7: Product Launch - SolarX | C7: Launch event venue booking | D7: Priya | E7: 46275 | F7: 46300 | G7: 5 | H7: 3 | I7: =G7*H7 -> 15 | J7: =RANK(I7,$I$5:$I$28,0)+COUNTIF($I$5:I7,I7)-1 -> 14 | K7: In Progress | L7: 80000 | M7: 20 | N7: 2
A8: 4 | B8: Product Launch - SolarX | C8: Social media campaign setup | D8: Sneha | E8: 46273 | F8: 46296 | G8: 4 | H8: 5 | I8: =G8*H8 -> 20 | J8: =RANK(I8,$I$5:$I$28,0)+COUNTIF($I$5:I8,I8)-1 -> 5 | K8: In Progress | L8: 30000 | M8: 40 | N8: 1
A9: 5 | B9: Product Launch - SolarX | C9: Product demo video production | D9: Aman | E9: 46277 | F9: 46305 | G9: 3 | H9: 4 | I9: =G9*H9 -> 12 | J9: =RANK(I9,$I$5:$I$28,0)+COUNTIF($I$5:I9,I9)-1 -> 16 | K9: Planned | L9: 60000 | M9: 35 | N9: 2
A10: 6 | B10: Product Launch - SolarX | C10: Press release drafting | D10: Priya | E10: 46280 | F10: 46293 | G10: 3 | H10: 5 | I10: =G10*H10 -> 15 | J10: =RANK(I10,$I$5:$I$28,0)+COUNTIF($I$5:I10,I10)-1 -> 15 | K10: Completed | L10: 5000 | M10: 10 | N10: 0
A11: 7 | B11: Product Launch - SolarX | C11: Influencer outreach | D11: Sneha | E11: 46283 | F11: 46303 | G11: 4 | H11: 3 | I11: =G11*H11 -> 12 | J11: =RANK(I11,$I$5:$I$28,0)+COUNTIF($I$5:I11,I11)-1 -> 17 | K11: Planned | L11: 45000 | M11: 20 | N11: 1
A12: 8 | B12: Product Launch - SolarX | C12: Post-launch feedback survey | D12: Aman | E12: 46310 | F12: 46325 | G12: 2 | H12: 2 | I12: =G12*H12 -> 4 | J12: =RANK(I12,$I$5:$I$28,0)+COUNTIF($I$5:I12,I12)-1 -> 21 | K12: Cancelled | L12: 8000 | M12: 12 | N12: 0
A13: 9 | B13: Campus Hiring Drive | C13: Shortlist target campuses | D13: Karan | E13: 46266 | F13: 46277 | G13: 4 | H13: 4 | I13: =G13*H13 -> 16 | J13: =RANK(I13,$I$5:$I$28,0)+COUNTIF($I$5:I13,I13)-1 -> 10 | K13: Completed | L13: 5000 | M13: 25 | N13: 0
A14: 10 | B14: Campus Hiring Drive | C14: Prepare JD and assessment test | D14: Karan | E14: 46268 | F14: 46280 | G14: 4 | H14: 5 | I14: =G14*H14 -> 20 | J14: =RANK(I14,$I$5:$I$28,0)+COUNTIF($I$5:I14,I14)-1 -> 6 | K14: Completed | L14: 3000 | M14: 20 | N14: 0
A15: 11 | B15: Campus Hiring Drive | C15: Book campus visit logistics | D15: Nisha | E15: 46275 | F15: 46296 | G15: 3 | H15: 3 | I15: =G15*H15 -> 9 | J15: =RANK(I15,$I$5:$I$28,0)+COUNTIF($I$5:I15,I15)-1 -> 19 | K15: In Progress | L15: 60000 | M15: 30 | N15: 4
A16: 12 | B16: Campus Hiring Drive | C16: Conduct pre-placement talks | D16: Nisha | E16: 46285 | F16: 46305 | G16: 4 | H16: 4 | I16: =G16*H16 -> 16 | J16: =RANK(I16,$I$5:$I$28,0)+COUNTIF($I$5:I16,I16)-1 -> 11 | K16: Planned | L16: 10000 | M16: 40 | N16: 0
... A28: 24 | B28: Annual Partner Meet | C28: Post-event feedback and report | D28: Vikram | E28: 46329 | F28: 46338 | G28: 2 | H28: 2 | I28: =G28*H28 -> 4 | J28: =RANK(I28,$I$5:$I$28,0)+COUNTIF($I$5:I28,I28)-1 -> 23 | K28: Planned | L28: 0 | M28: 10 | N28: 0

Sheet Resource Capacity
A1: Shared Resource Pool - Quarter Capacity
A2: Edit the yellow cells to test different capacity scenarios
A4: Resource Type | B4: Total Available (Quarter) | C4: Unit
A5: Budget | B5: 500000 | C5: Rs.
A6: Staff Hours | B6: 550 | C6: hrs
A7: Vendor Slots | B7: 35 | C7: slots

Sheet Allocation Tracker
A1: Resource Allocation & Bottleneck Tracker
A2: Allocated = sum of all non-Cancelled tasks in Tasks sheet
A4: Resource Type | B4: Total Available | C4: Allocated (Active Tasks) | D4: Utilization % | E4: Bottleneck Flag
A5: Budget | B5: ='Resource Capacity'!B5 -> 500000 | C5: =SUMIFS(Tasks!L5:L28,Tasks!$K$5:$K$28,"<>Cancelled") -> 824000 | D5: =C5/B5 -> 1.648 | E5: =IF(D5>1,"Over-allocated",IF(D5>0.85,"Near Capacity","Healthy")) -> Over-allocated
A6: Staff Hours | B6: ='Resource Capacity'!B6 -> 550 | C6: =SUMIFS(Tasks!M5:M28,Tasks!$K$5:$K$28,"<>Cancelled") -> 507 | D6: =C6/B6 -> 0.92181818 | E6: =IF(D6>1,"Over-allocated",IF(D6>0.85,"Near Capacity","Healthy")) -> Near Capacity
A7: Vendor Slots | B7: ='Resource Capacity'!B7 -> 35 | C7: =SUMIFS(Tasks!N5:N28,Tasks!$K$5:$K$28,"<>Cancelled") -> 27 | D7: =C7/B7 -> 0.77142857 | E7: =IF(D7>1,"Over-allocated",IF(D7>0.85,"Near Capacity","Healthy")) -> Healthy
A10: Allocation by Initiative (active tasks only)
A11: Initiative | B11: Budget Allocated (Rs.) | C11: Staff Hours Allocated | D11: Vendor Slots Allocated
A12: Product Launch - SolarX | B12: =SUMIFS(Tasks!$L$5:$L$28,Tasks!$B$5:$B$28,A12,Tasks!$K$5:$K$28,"<>Cancelled") -> 285000 | C12: =SUMIFS(Tasks!$M$5:$M$28,Tasks!$B$5:$B$28,A12,Tasks!$K$5:$K$28,"<>Cancelled") -> 170 | D12: =SUMIFS(Tasks!$N$5:$N$28,Tasks!$B$5:$B$28,A12,Tasks!$K$5:$K$28,"<>Cancelled") -> 11
A13: Campus Hiring Drive | B13: =SUMIFS(Tasks!$L$5:$L$28,Tasks!$B$5:$B$28,A13,Tasks!$K$5:$K$28,"<>Cancelled") -> 81000 | C13: =SUMIFS(Tasks!$M$5:$M$28,Tasks!$B$5:$B$28,A13,Tasks!$K$5:$K$28,"<>Cancelled") -> 175 | D13: =SUMIFS(Tasks!$N$5:$N$28,Tasks!$B$5:$B$28,A13,Tasks!$K$5:$K$28,"<>Cancelled") -> 4
A14: Annual Partner Meet | B14: =SUMIFS(Tasks!$L$5:$L$28,Tasks!$B$5:$B$28,A14,Tasks!$K$5:$K$28,"<>Cancelled") -> 458000 | C14: =SUMIFS(Tasks!$M$5:$M$28,Tasks!$B$5:$B$28,A14,Tasks!$K$5:$K$28,"<>Cancelled") -> 162 | D14: =SUMIFS(Tasks!$N$5:$N$28,Tasks!$B$5:$B$28,A14,Tasks!$K$5:$K$28,"<>Cancelled") -> 12

Sheet Dashboard
A1: Resource Allocation Dashboard
A3: Total Active Tasks | B3: =COUNTIFS(Tasks!$K$5:$K$28,"<>Cancelled") -> 22
A4: Cancelled Tasks | B4: =COUNTIF(Tasks!$K$5:$K$28,"Cancelled") -> 2
A5: Resources Over-Allocated | B5: =COUNTIF('Allocation Tracker'!$E$5:$E$7,"Over-allocated") -> 1
A7: Resource | B7: Utilization % | D7: Status | E7: Task Count | G7: Initiative | H7: Budget Allocated
A8: ='Allocation Tracker'!A5 -> Budget | B8: ='Allocation Tracker'!D5 -> 1.648 | D8: In Progress | E8: =COUNTIF(Tasks!$K$5:$K$28,"In Progress") -> 7 | G8: ='Allocation Tracker'!A12 -> Product Launch - SolarX | H8: ='Allocation Tracker'!B12 -> 285000
A9: ='Allocation Tracker'!A6 -> Staff Hours | B9: ='Allocation Tracker'!D6 -> 0.92181818 | D9: Planned | E9: =COUNTIF(Tasks!$K$5:$K$28,"Planned") -> 12 | G9: ='Allocation Tracker'!A13 -> Campus Hiring Drive | H9: ='Allocation Tracker'!B13 -> 81000
A10: ='Allocation Tracker'!A7 -> Vendor Slots | B10: ='Allocation Tracker'!D7 -> 0.77142857 | D10: Completed | E10: =COUNTIF(Tasks!$K$5:$K$28,"Completed") -> 3 | G10: ='Allocation Tracker'!A14 -> Annual Partner Meet | H10: ='Allocation Tracker'!B14 -> 458000
D11: Cancelled | E11: =COUNTIF(Tasks!$K$5:$K$28,"Cancelled") -> 2
A14: Top 5 Priority Tasks (Recommended Resource Allocation Order)
A15: Rank | B15: Task Name | C15: Initiative | D15: Priority Score | E15: Status
A16: 1 | B16: =INDEX(Tasks!$C$5:$C$28,MATCH(A16,Tasks!$J$5:$J$28,0)) -> Finalize product packaging design | C16: =INDEX(Tasks!$B$5:$B$28,MATCH(A16,Tasks!$J$5:$J$28,0)) -> Product Launch - SolarX | D16: =INDEX(Tasks!$I$5:$I$28,MATCH(A16,Tasks!$J$5:$J$28,0)) -> 25 | E16: =INDEX(Tasks!$K$5:$K$28,MATCH(A16,Tasks!$J$5:$J$28,0)) -> In Progress
A17: 2 | B17: =INDEX(Tasks!$C$5:$C$28,MATCH(A17,Tasks!$J$5:$J$28,0)) -> Schedule interview panels | C17: =INDEX(Tasks!$B$5:$B$28,MATCH(A17,Tasks!$J$5:$J$28,0)) -> Campus Hiring Drive | D17: =INDEX(Tasks!$I$5:$I$28,MATCH(A17,Tasks!$J$5:$J$28,0)) -> 25 | E17: =INDEX(Tasks!$K$5:$K$28,MATCH(A17,Tasks!$J$5:$J$28,0)) -> Planned
A18: 3 | B18: =INDEX(Tasks!$C$5:$C$28,MATCH(A18,Tasks!$J$5:$J$28,0)) -> Venue shortlisting and booking | C18: =INDEX(Tasks!$B$5:$B$28,MATCH(A18,Tasks!$J$5:$J$28,0)) -> Annual Partner Meet | D18: =INDEX(Tasks!$I$5:$I$28,MATCH(A18,Tasks!$J$5:$J$28,0)) -> 25 | E18: =INDEX(Tasks!$K$5:$K$28,MATCH(A18,Tasks!$J$5:$J$28,0)) -> In Progress
A19: 4 | B19: =INDEX(Tasks!$C$5:$C$28,MATCH(A19,Tasks!$J$5:$J$28,0)) -> Event day run-sheet planning | C19: =INDEX(Tasks!$B$5:$B$28,MATCH(A19,Tasks!$J$5:$J$28,0)) -> Annual Partner Meet | D19: =INDEX(Tasks!$I$5:$I$28,MATCH(A19,Tasks!$J$5:$J$28,0)) -> 25 | E19: =INDEX(Tasks!$K$5:$K$28,MATCH(A19,Tasks!$J$5:$J$28,0)) -> Planned
A20: 5 | B20: =INDEX(Tasks!$C$5:$C$28,MATCH(A20,Tasks!$J$5:$J$28,0)) -> Social media campaign setup | C20: =INDEX(Tasks!$B$5:$B$28,MATCH(A20,Tasks!$J$5:$J$28,0)) -> Product Launch - SolarX | D20: =INDEX(Tasks!$I$5:$I$28,MATCH(A20,Tasks!$J$5:$J$28,0)) -> 20 | E20: =INDEX(Tasks!$K$5:$K$28,MATCH(A20,Tasks!$J$5:$J$28,0)) -> In Progress
